2022-07-05 17:20:42+00:00,5359835943,–ù–∞–π—Å,$
2022-07-05 17:21:03+00:00,5359835943,–ü–ª–∞–≥–∏–∞—Ç –Ω–∞ –í–ª–∞–¥–∞ –ê 4üòÇ,$
2022-07-05 17:21:53+00:00,1692794960,:(,$
2022-07-05 17:22:22+00:00,939939549,"–ê–•–°–•–ê–•–•–ê–•–ê–•–ê–•–ê–•–ê–ê–•–°–•–ú 
2 –º–∞–ª—ã—à–∫–∞ —Ä–µ–∞–ª—å–Ω–æ –≤—ã–∏–≥—Ä–∞–ª–∞",$
2022-07-05 17:22:38+00:00,5182318021,–ó–¥–æ—Ä–æ–≤ –Ω–∞—Ä–æ–¥,$
2022-07-05 17:22:38+00:00,1236924567,–£—Ä–∞–∞–∞–∞ü•≥ü•≥ü•≥ü•≥,$
2022-07-05 17:22:41+00:00,1089447471,–∫–∞–∫-—Ç–æ –Ω–µ—Å–ø—Ä–∞–≤–µ–¥–ª–∏–≤–æ,$
2022-07-05 17:22:47+00:00,1163051087,–ü–ª–∞–≥—ñ–∞—Ç –∞4,$
2022-07-05 17:22:48+00:00,1947710003,–ü—Ä–∏–Ω—Ç –æ—Ç—Å—Ç–æ–π,$
2022-07-05 17:22:56+00:00,981352328,–ü–æ–Ω—è—Ç–Ω–æ üóøüòêü§î,$
2022-07-05 17:23:00+00:00,5115908521,–ù–∞–π—Å,$
2022-07-05 17:23:01+00:00,1163051087,–ê–≥–∞,$
2022-07-05 17:23:06+00:00,5376293654,4 –º–µ—Å—Ç–æ? –ü–æ—á–µ–º—É 4 —Ñ—É—Ç–±–æ–ª–∫–∞ –Ω–µ 1 –º–µ—Å—Ç–æ?,$
2022-07-05 17:23:07+00:00,431565346,–ó–∞–ø—Ä–µ—â—ë–Ω–Ω–∞—è —Å–æ—Ü—Å–µ—Ç—å? Linkedin –∏–ª–∏ –∫–∞–∫ –æ–Ω–∞ —Ç–∞–º?,$
2022-07-05 17:23:15+00:00,632799926,+,$
2022-07-05 17:23:19+00:00,747279663,–ê —á—ë –±—ã–ª–æ?,$
2022-07-05 17:23:57+00:00,460841798,–¥–µ–≤–æ—á–∫–µ —Ç–æ–∂–µ –≤—ã—à–ª–∏ —Ñ—É—Ç–±–æ–ª–∫—É. –ü–æ–∂–∞–ª—É–π—Å—Ç–∞ (((( –æ–Ω–∞ –∑–∞—Å–ª—É–∂–∏–ª–∞,$
2022-07-05 17:24:02+00:00,632799926,–ß—É–≤—Å—Ç–≤–æ –∫–∞–∫ –±—É–¥—Ç–æ –≤—ã–±—Ä–∞–ª–∏ –ø–µ—Ä–≤—ã–µ —Ä–∞–±–æ—Ç—ã,$
2022-07-05 17:24:08+00:00,1163051087,–ü–∞—Å–º–∞—Ç—Ä—ñ,$
2022-07-05 17:24:09+00:00,981352328,"–õ–æ–ª, —è –Ω–µ –ø–æ–Ω–∏–º–∞—é, –ø–æ—á–µ–º—É —Å–∞–º—ã–π –ª—É—á—à–∏–π —É—á–∞—Å—Ç–Ω–∏–∫ –∑–∞–Ω—è–ª 4 –º–µ—Å—Ç–æ.....",$
2022-07-05 17:24:16+00:00,1163051087,–ß–æ –Ω—î –≤—ñ–¥—ñ—à,$
2022-07-05 17:24:25+00:00,1334963012,–ø–æ–¥—Å–∫–∞–∂–∏—Ç–µ –≥–¥–µ —Ñ—É–ª–ª—ã –∏—Å–∫–∞—Ç—å —Å –∏–≥—Ä—ã –≥–∞–±–∞—Ä–∞?),$
2022-07-05 17:24:30+00:00,981352328,–¢–∞–∫ –∏ –±—ã–ª–æ,$
2022-07-05 17:24:40+00:00,431565346,"–ü–æ—Ç–æ–º—É —á—Ç–æ –ø–∞—Ä–µ–Ω—å, –∫–æ—Ç–æ—Ä—ã—Ö ""–Ω–µ —É—â–µ–º–ª—è—é—Ç"". –í—ã—à–µ –∂–µ –¥–µ—Ç–∏ –∏ –¥–µ–≤—É—à–∫–∏",$
2022-07-05 17:24:53+00:00,1163051087,–ù–µ–∑–Ω–∞—é,$
2022-07-05 17:25:00+00:00,1366361751,–õ–Æ–ë–õ–Æ!!!!,$
2022-07-05 17:25:09+00:00,981352328,"–Ø —Å–æ–º–Ω–µ–≤–∞—é—Å—å, —á—Ç–æ 4 —ç—Ç–æ –ø–∞—Ä–µ–Ω—å –±—ã–ª.",$
2022-07-05 17:25:39+00:00,1191243489,"""–ü–æ–±–µ–∂–¥–∞–µ—Ç —Ç–æ—Ç, —á—å—è —Ä–∞–±–æ—Ç–∞ –º–∞–∫—Å–∏–º–∞–ª—å–Ω–æ –ø—Ä–∏–±–ª–∏–∑–∏—Ç—Å—è –∫ –æ—Ä–∏–≥–∏–Ω–∞–ª—É"" –∏ 1–µ –º–µ—Å—Ç–æ –¥–∞–ª–∏ —Å–º–∞–∑–∞–Ω–Ω–æ–π —Ä–∞–±–æ—Ç–µ —Ä–µ–±–µ–Ω–∫–∞) –Ω–∞–π—Å)))",$
2022-07-05 17:25:42+00:00,1163051087,–¢–æ–∂,$
2022-07-05 17:26:05+00:00,861823959,,$
2022-07-05 17:26:18+00:00,431565346,"–¢–∞–∫, —Å—Ç–æ–ø, —è –ø—Ä–æ –ø—è—Ç–æ–µ, —Å–æ—Ä–∏. –£ –Ω–µ–≥–æ –∏–¥–µ–∞–ª —Ä–æ–≤–Ω–æ! –ù–æ –æ–Ω –Ω–∞ –ø—è—Ç–æ–º! –ü–æ—á–µ–º—É? –ü–æ—Ç–æ–º—É —á—Ç–æ –≤—ã—à–µ –¥–µ–≤—É—à–∫–∏)",$
2022-07-05 17:26:20+00:00,981352328,"–î–∞–¥–∞–¥–∞–¥–∞–¥–∞–¥–∞ üòÇ
–°–∫–∞–∑–∞–ª –±—ã, –ø–æ–±–µ–∂–¥–∞–µ—Ç —Å–∞–º—ã–π –æ—Ä–∏–≥–∏–Ω–∞–ª—å–Ω—ã–π. –ê –∫–∞–∫–æ–π-—Ç–æ –Ω–∞–µ–±",$
2022-07-05 17:26:24+00:00,5565624008,–ê –≤–æ–æ–±—â–µ –º–Ω–µ –∫—Ç–æ –Ω–µ–±—É—Ç—å –æ–±—ä—è—Å–Ω–∏—Ç –∫–∞–∫ —Å–º–æ—Ç—Ä–µ—Ç—å –∑–∞–ø—Ä–µ—â–æ–Ω–∫—É ? –ù–µ—Ö–µ—Ä–∞ –µ—â—ë –Ω–µ —Ä–∞–∑—É —É –ì–∞–±–∞—Ä–∞ –Ω–µ –æ–¥–Ω–æ–π –∑–∞–ø—Ä–µ—â–æ–Ω–∫–∏ –Ω–µ –ø—Ä–æ—Å–º–æ—Ç—Ä–µ–ª.,$
2022-07-05 17:26:30+00:00,431565346,2 –∏ 3 –Ω–µ –ª—É—á—à–µ —á–µ–º 4 –∏ 5),$
2022-07-05 17:26:43+00:00,981352328,"–ù–µ, 5 –Ω–µ –æ—á —Ä–∞–±–æ—Ç–∞",$
2022-07-05 17:26:44+00:00,828017282,"–†–µ–±—è—Ç, —ç—Ç–æ –∫–æ–Ω–∫—É—Ä—Å –ì–∞–±–∞—Ä–∞, –∏ —Ç–æ–ª—å–∫–æ –µ–º—É –æ–ø—Ä–µ–¥–µ–ª—è—Ç—å –ø–æ–±–µ–¥–∏—Ç–µ–ª–µ–π –∏ –∏—Ö –º–µ—Å—Ç–∞)",$
2022-07-05 17:26:49+00:00,1033531451,"–°–µ—Ä—å—ë–∑–Ω–æ??? 
–Ø —Ç–∞–∫ –ø–æ–Ω–∏–º–∞—é —Ä–∞–Ω–¥–æ–º–Ω–æ –≤—ã–±–∏—Ä–∞–ª....",$
2022-07-05 17:27:17+00:00,981352328,–°–æ–≥–ª,$
2022-07-05 17:27:22+00:00,431565346,"5 —Ç—É—Ç –ª—É—á—à–µ –≤—Å–µ—Ö, –∫—Ä–æ–º–µ 4-–æ–π, —ç—Ç–æ –µ—Å–ª–∏ –æ–±—ä–µ–∫—Ç–∏–≤–Ω–æ. –ö—Ä–∏—Ç–µ—Ä–∏–π –±—ã–ª - –∏–¥–µ–Ω—Ç–∏—á–Ω–æ—Å—Ç—å",$
2022-07-05 17:27:29+00:00,1191243489,–ù–æ –º—ã –º–æ–∂–µ–º –≤—ã—Å–∫–∞–∑–∞—Ç—å —Å–≤–æ–∏ –Ω–µ–≥–æ–¥–æ–≤–∞–Ω–∏—è,$
2022-07-05 17:27:33+00:00,981352328,–°–æ–≥–ª–∞—Å–Ω–∞,$
2022-07-05 17:27:47+00:00,1196685546,"–°–ø–∞—Å–∏–±–æ , –º—ã –∏ –Ω–æ—Å–∫–∞–º —Ä–∞–¥—ã)",$
2022-07-05 17:27:48+00:00,981352328,–ù–æ –∏ –±—ã–ª–∏ —Ä–∞–±–æ—Ç—ã –ª—É—á—à–µ 5,$
2022-07-05 17:28:02+00:00,431565346,"–î–∞, –∞ –≤—ã–∏–≥—Ä–∞–ª–∏...",$
2022-07-05 17:28:04+00:00,981352328,–ù–∞—Ä–∞–≤–Ω–µ —Å 4 —Ä–∞–±–æ—Ç–æ–π,$
2022-07-05 17:29:50+00:00,828017282,"–í—ã —ç—Ç–∏–º–∏ –Ω–µ–≥–æ–¥–æ–≤–∞–Ω–∏—è–º–∏ –ø–æ–∫–∞–∑—ã–≤–∞–µ—Ç–µ —Å–≤–æ–µ –Ω–µ—É–≤–∞–∂–µ–Ω–∏–µ –∫ –ì–∞–±–∞—Ä—É –∏ –µ–≥–æ –≤—ã–±–æ—Ä—É 
–ù—É, –µ—Å–ª–∏ –≤—ã, –∫–æ–Ω–µ—á–Ω–æ,  –≤–æ—Å–ø–∏—Ç–∞–Ω–Ω—ã–π —á–µ–ª–æ–≤–µ–∫)",$
2022-07-05 17:29:56+00:00,922648962,"–•–æ—á–µ—à—å, –ø–æ–¥–µ–ª—é—Å—å –æ—Ä–µ—à–∫–æ–º? üòÑ",$
2022-07-05 17:30:38+00:00,1191243489,–¢—ã —É–≥–∞—Ä–∞–µ—à—å? –í—ã—Å–∫–∞–∑–∞—Ç—å —Å–≤–æ—ë –Ω–µ—Å–æ–≥–ª–∞—Å–∏–µ –Ω–µ –ø—Ä–æ—è–≤–ª–µ–Ω–∏–µ –Ω–µ—É–≤–∞–∂–µ–Ω–∏—è,$
2022-07-05 17:30:41+00:00,431565346,–ù—É –≥—Ü —á—ë,$
2022-07-05 17:30:57+00:00,828017282,ü§°,$
2022-07-05 17:31:10+00:00,431565346,ü§°,$
2022-07-05 17:31:19+00:00,431565346,–ó–∞–±–µ–π),$
2022-07-05 17:31:32+00:00,981352328,"–ü—Ö–ø—Ö, –∫–∞–∫ –º–∏–ª–æ, —Å–ø–∞—Å–∏–±–æ, –Ω–µ –Ω–∞–¥–æ üòÇüòÇüòÇ –°–ª–∏—à–∫–æ–º –æ—Å—Ç—Ä—ã–π, –¥–æ –ø–æ—Ç–µ—Ä–∏ —Å–æ–∑–Ω–∞–Ω–∏—è. –¢—ã –º–æ–ª–æ–¥–µ—Ü, –ª—É—á—à–∞—è —Ä–∞–±–æ—Ç–∞, –¥–æ—Å—Ç–æ–π–Ω–∞—è",$
2022-07-05 17:31:42+00:00,1298358393,–ô–æ–æ–æ–æ–æ–æ–æ –ø–æ–∑–¥—Ä–∞–≤–ª—è—é‚òùÔ∏èüèø‚òùÔ∏èüèø‚òùÔ∏èüèø‚òùÔ∏èüèøüòÇüòÅüòÅ,$
2022-07-05 17:31:56+00:00,922343015,—Ö–æ—á—É,$
2022-07-05 17:32:40+00:00,431565346,"–£ –º–µ–Ω—è –∫—Å—Ç–∞ —Ç–æ–∂–µ –µ—Å—Ç—å –ø–∞—á–∫–∞ dead nut challenge) –∫—Ç–æ –≤ –ú–°–ö, –ø—Ä–∏–µ–¥–µ—Ç–µ –≤ –ú—ã—Ç–∏—â–∏ - –º–æ–≥—É —É–≥–æ—Å—Ç–∏—Ç—å —Ü–µ–ª–æ–π –≥–æ—Ä—Å—Ç—å—é) –¥–∞–∂–µ –≤ —Å–∞–º–∏ —Å—Ç–æ–ª—å–∫–æ –∂–µ —Å—ä–µ–º, –ø–æ –±—Ä–∞—Ç—Å–∫–∏)",$
2022-07-05 17:32:58+00:00,981352328,"–ö–æ—Ä–æ—á–µ, –µ—Å–ª–∏ –±—É–¥–µ—Ç —Å–ª–µ–¥—É—é—â–∏–π  –∫–æ–Ω–∫—É—Ä—Å, –∏—Å–ø–æ–ª—å–∑—É–π—Ç–µ —Å–≤–æ–∏—Ö –¥–µ—Ç–µ–π, —á—Ç–æ–±—ã –≤—ã–∏–≥—Ä–∞—Ç—å)",$
2022-07-05 17:33:12+00:00,1898505474,"–ú–º, —â–∞—Å –±—ã –æ—Ç–¥–∞—Ç—å —Ç—Ä–∏ –ø–µ—Ä–≤—ã—Ö –º–µ—Å—Ç–∞ –¥–µ—Ç—è–º, –ø—Ä–æ—Å—Ç–æ –ø–æ—Ç–æ–º—É —á—Ç–æ –æ–Ω–∏ –¥–µ—Ç–∏",$
2022-07-05 17:33:15+00:00,431565346,–®–∞—Ä–∏—à—å,$
2022-07-05 17:33:59+00:00,431565346,–î–æ–±—Ä–æ –ø–æ–∂–∞–ª–æ–≤–∞—Ç—å –∫ –Ω–∞–º),$
2022-07-05 17:35:01+00:00,632799926,–ú–µ–Ω—è –∑–∞—Å–∫–∞–º–∏–ª–∏ –Ω–∞ —Ñ—É—Ç–±–æ–ª–∫—É,$
2022-07-05 17:35:28+00:00,1191243489,"–Ø –≤—ã–¥–µ–ª—é—Å—å –∏ –ø—Ä–∏–ø–∞—à—É –≤ —Å–ª–µ–¥—É—é—â–∏–π –∫–æ–Ω–∫—É—Ä—Å —Å–≤–æ—é —Å–æ–±–∞–∫—É, –¥–∞–π –±–æ–≥ –∂–∏–≤–æ—Ç–Ω—ã–µ —Ç–æ–∂–µ –ø—Ä–æ–∫–∞–Ω–∞—é—Ç",$
2022-07-05 17:35:30+00:00,1741651519,–≠—Ç–æ —Ç–∏–ø–æ –≤—Å–µ–π —Å–µ–º—å—ë–π —Å–º–æ—Ç—Ä—è—Ç –∏–≥—Ä—ã –ì–∞–±–∞—Ä–∞ ?–æ_0 –¥–æ—á–∫–∞ –∂–µ –≤—Å–µ —Å–º–æ–∂–µ—Ç —É–∂–µ –≤ —Ä–∞–Ω–Ω–µ–º –≤–æ–∑—Ä–∞—Å—Ç–µ üòÇ,$
2022-07-05 17:35:37+00:00,431565346,–ß–µ–ª –Ω–µ –≤–∏–¥–µ–ª –∫–∞–Ω–∞–ª –ì–∞–±–∞—Ä–∏–∫–∞ –∏ –°—Ç–æ–ª—è—Ä–∏–∫–∞ –≤–∏–¥–∏–º–æ kappa,$
2022-07-05 17:35:43+00:00,632799926,–•–ê–•–ê–•–ê–•–ê–•–ê –•–û–†–û–®–ê–Ø –ò–î–ï–Ø,$
2022-07-05 17:35:51+00:00,981352328,"–ù—É –≤–æ—Ç –∫–∞–∫ —Ä–∞–∑, —É –ì–∞–±–∞—Ä–∞ –∏ –¥–µ—Ç–∏ –µ—Å—Ç—å –∏ —Å–æ–±–∞–∫–∞",$
2022-07-05 17:35:57+00:00,431565346,–ù–ê–ö–ò–ù–ï–¢–°–Ø –ò –°–û–ñ–†–Å–¢ –≠–¢–£ –ö–ê–®–£!,$
2022-07-05 17:36:10+00:00,1741651519,üòÇüòÇüòÇüòÇüòÇ,$
2022-07-05 17:36:11+00:00,1191243489,–ê—Ö–∞—Ö–∞,$
2022-07-05 17:37:23+00:00,922648962,"–°–ø–∞—Å–∏–±–æ ü•∫–ø–æ—ç—Ç–æ–º—É –ì–∞–±–∞—Ä –ø–æ—Å—á–∏—Ç–∞–ª, —á—Ç–æ –º–Ω–µ –Ω–µ –Ω—É–∂–Ω–∞ –≤—Ç–æ—Ä–∞—è —Ñ—É—Ç–±–æ–ª–∫–∞ üòÇ",$
2022-07-05 17:39:20+00:00,1741651519,"–£ –º–µ–Ω—è –ø–µ—Ä–µ–¥ –≥–ª–∞–∑–∞–º–∏ —Å—Ä–∞–∑—É –¥–µ—Ç—Å–∫–∏–π —Å–∞–¥ ,—Å—Ç–æ–ª ,–∫—É—á–∞ –¥–µ—Ç–µ–π ,–º–∞–Ω–Ω–∞—è –∫–∞—à–∞ –∏ –≤–æ—Å–ø–∏—Ç–∞–ª–∫–∞ –±–æ—Ä–æ–¥–∞—Ç–∞—è –æ—Ä–µ—Ç –Ω–∞–±—Ä–æ—Å–∏–ª–∏—Å—å ! –ó–∞—á–µ–º –≤—ã –≤–æ–æ–±—â–µ —Å—é–¥–∞ –ø—Ä–∏—à–ª–∏ –µ—Å–ª–∏ –Ω–µ –º–æ–∂–µ—Ç–µ —ç—Ç–æ —Å–¥–µ–ª–∞—Ç—å ! –í–æ–Ω –ò–≤–∞–Ω–æ–≤ –≤ —à—Ç–∞–Ω—ã –Ω–∞–ø–∏—Å–∞–ª –∏ –Ω–µ –ø–æ–±–æ—è–ª—Å—è !",$
2022-07-05 17:39:24+00:00,5349912003,–Ø –¥–≤–∞ —Ä–∞–∑–∞ üò≠,$
2022-07-05 17:39:54+00:00,431565346,"–ö—Ç–æ –ø–æ—Å–ª–µ–¥–Ω–∏–π –¥–æ–µ—Å—Ç, —Ç–æ—Ç –≤—ã–±—ã–≤–∞–µ—Ç –∏–∑ —Å–∞–¥–∏–∫–∞!üôÉ",$
2022-07-05 17:39:57+00:00,981352328,–•–æ—Ç—è –±—ã –Ω–æ—Å–æ—á–∫–∏.. –∞ —Ç–æ –æ—Ä–µ—Ö... —Ç–∞–∫–æ–π —Å–µ–±–µ –ø–æ–¥–∞—Ä–æ–∫,$
2022-07-05 17:40:16+00:00,1741651519,üòÇüòÇüòÇüòÇ–∞–≥–∞,$
2022-07-05 17:40:26+00:00,431565346,"–ù–∞ –ª—é–±–∏—Ç–µ–ª—è, —è –±—ã–ª –±—ã —Ä–∞–¥ –Ω–∞–ø—Ä–∏–º–µ—Ä) —É —Å–∞–º–æ–≥–æ –¥–æ–º–∞ –ø–∞—á–∫–∞ —ç—Ç–∏—Ö –æ—Ä–µ—Ö–æ–≤, –∂–¥—ë—Ç —Å–ª—É—á–∞—è)",$
2022-07-05 17:40:52+00:00,981352328,ü§¢,$
2022-07-05 17:41:10+00:00,1741651519,–ó–∞ –Ω–æ—Å–∫–∏ –Ω–∞–¥–æ –Ω–∞–∫–∏–Ω—É—Ç—å—Å—è –Ω–∞ –æ—Ä–µ—Ö!,$
2022-07-05 17:41:22+00:00,431565346,"–•–æ—á—É –Ω–∞–ø–æ–º–Ω–∏—Ç—å, –æ—Å—Ç—Ä–æ–µ–¥—ã —Ç–æ–∂–µ –ª—é–¥–∏) –¥–∞, –±–µ–∑ –ø–µ—á–µ–Ω–∏, –Ω–æ –ª—é–¥–∏ –∂–µ)",$
2022-07-05 17:41:35+00:00,981352328,–ü–æ–Ω–∏–º–∞—é,$
2022-07-05 17:41:40+00:00,431565346,–ö–∞–∫ –≤–∞–º –æ—Ä–µ—Ö –≤ –Ω–æ—Å–∫–∞—Ö?,$
2022-07-05 17:41:56+00:00,1741651519,–ù–æ—Å–∫–æ–Ω–æ—Å—ã —Ç–æ–∂–µ –∑–≤–µ—Ä–∏,$
2022-07-05 17:43:13+00:00,1741651519,–Ø —Ç—É—Ç –ø–æ–º–Ω—é –≤ 1–º –≤—ã–ø—É—Å–∫–µ –±—ã–ª –≤–æ–æ–±—â–µ –∞–Ω–∞–ª—å–Ω—ã–π —á—É–ø–∞—á—É–ø—Å–µ—Ä,$
2022-07-05 17:43:59+00:00,1741651519,–ì–∞–±–∞—Ä –∫–∞–∫ —Ç–µ–±–µ —Å–ø–∏—Ç—Å—è –ø–æ—Å–ª–µ —Å—Ç–æ–ª—å–∫–æ–≥–æ —É–≤–∏–¥–µ–Ω–Ω–æ–≥–æ ?üòÇ,$
2022-07-05 17:47:10+00:00,922648962,,$
2022-07-05 17:48:43+00:00,1741651519,–ö–æ–≥–¥–∞–∞–∞ –ì–∞–±–∞—Ä–∞ –Ω–µ —Å—Ç–∞–Ω–µ–µ–µ—Ç –∫—É—á–∞ –Ω–∞—Ä–æ–¥—É –±—É–¥–µ—Ç –±–ª–µ–≤–∞—Ç—å –∑–∞ —Å—Ç–æ–ª–æ–º  –≤–æ–ª–æ–æ–æ–æ–æ—Å–∞–º–∏ —Ç–æ–≥–æ –∫—Ç–æ –ø—Ä–∞–≤–µ–µ–µ–π –∏ —Ç–æ–≥–æ –∫—Ç–æ –ª–µ–≤–µ–µ–µ–π .–ö—Ä—É–≥–æ–≤–æ—Ä–æ—Ç - ( –∞ –¥–∞–ª—å—à–µ –≤–∞—à–∞ —Ñ–∞–Ω—Ç–∞–∑–∏—è),$
2022-07-05 17:49:14+00:00,777052485,–ü–æ–∑–¥—Ä–∞–≤–ª—è—é üî•,$
2022-07-05 18:00:33+00:00,1134604501,–ú–Ω–µ –∂–µ –Ω–µ –æ–¥–Ω–æ–π –Ω–∏—Ä–≤–∞–Ω—É –Ω–∞–ø–æ–º–Ω–∏–ª–æ..,$
2022-07-05 18:01:38+00:00,709551421,–ò–≥—Ä—ã –≥–∞–±–∞—Ä–∞ –∫–æ–≥–¥–∞?,$
2022-07-05 18:09:13+00:00,872414412,"–ù–µ –¥–µ–≤—É—à–∫–∏,  –∞ –¥–µ—Ç–∏",$
2022-07-05 18:10:19+00:00,5275847141,–î–∞–π—Ç–µ –æ—Ä–µ—à–∫–∞üòÅ,$
2022-07-05 18:32:25+00:00,431565346,"–ò –æ–Ω–∏ —Ç–æ–∂–µ, –∏ –∫—Å—Ç–∞—Ç–∏ –¥–µ–≤–æ—á–∫–∏) —Å–æ–≤–ø–∞–¥–µ–Ω–∏–µ? –ù–µ –¥—É–º–∞—é",$
2022-07-05 18:34:23+00:00,872414412,–ê –º–∞–ª–µ–Ω—å–∫–∏–µ –º–∞–ª—å—á–∏–∫–∏ —É—á–∞—Å—Ç–≤–æ–≤–∞–ª–∏ ?,$
2022-07-05 18:35:31+00:00,431565346,–ê –≤—ã –∫–∞–∫ –¥—É–º–∞–µ—Ç–µ?,$
2022-07-05 18:37:24+00:00,645938700,"–ù–∞—Ñ–∏–≥ —ç—Ç–∏—Ö –¥–µ—Ç–µ–π –≤–æ–æ–±—â–µ, –≤–µ—á–Ω–æ –º–∞–º–∞—à–∫–∏ –∏—Ö —Å—É—é—Ç –∫—É–¥–∞ –Ω–µ –Ω–∞–¥–æ",$
2022-07-05 18:38:14+00:00,872414412,"–ê –≤—ã –Ω–∞ —á—Ç–æ –Ω–∞–º–µ–∫–∞–µ—Ç–µ ??? –ï—Å–ª–∏ –í–∞—Å –∏–Ω—Ç–µ—Ä–µ—Å—É–µ—Ç –º–æ—ë –º–Ω–µ–Ω–∏–µ,  —Ç–æ —Å–∫–∞–∂—É, —Ç–∞–∫ –∏ –±—ã—Ç—å üòÇ –ì–∞–±–∞—Ä –ª—é–±–∏—Ç –¥–µ—Ç–µ–π –∏ –≤—ã–π–≥—Ä–∞–ª–∏ –¥–µ—Ç–∏. –í—Å—ë.  –î–∞–ª—å—à–µ —è –Ω–µ –ø–∞—Ä—é—Å—å.",$
2022-07-05 18:39:11+00:00,431565346,"–ù–µ –æ—Å–æ–±–æ, –Ω–æ —è –ø—Ä–æ—á–∏—Ç–∞–ª, —É—á—ë–ª) –ü—Ä–æ —ç—Ç–æ —Ç—É—Ç –∫—Å—Ç–∞—Ç–∏ –≤—ã—à–µ –∏ –ø–∏—Å–∞–ª–∏",$
2022-07-05 18:39:44+00:00,872414412,"–ù–µ –æ—Å–æ–±–æ, –Ω–æ —Å–ø—Ä–æ—Å–∏–ª–∏ üòÇü§∑‚Äç‚ôÄÔ∏è",$
2022-07-05 18:40:55+00:00,431565346,"–£–≤–µ—Ä–µ–Ω, –≤—ã –≤ –∫—É—Ä—Å–µ —Ç–∞–∫–æ–≥–æ –ø–æ–Ω—è—Ç–∏—è, –∫–∞–∫ ""—Ä–∏—Ç–æ—Ä–∏—á–µ—Å–∫–∏–π –≤–æ–ø—Ä–æ—Å"", –Ω–µ —Ç—Ä–µ–±—É—é—â–∏–π –æ—Ç–≤–µ—Ç–∞üòâ",$
2022-07-05 18:42:16+00:00,872414412,"–î–∞, –Ω–æ —è –ø—Ä–µ–¥–ø–æ—á–∏—Ç–∞—é –Ω–µ –∑–∞–¥–∞–≤–∞—Ç—å —Ç–∞–∫–∏–µ –≤–æ–ø—Ä–æ—Å—ã. –î–∞ –ª–∞–¥–Ω–æ,  –ø—Ä–æ–µ—Ö–∞–ª–∏. –•–æ—Ç—è —è —Ç–∞–∫ –∏ –Ω–µ –ø–æ–Ω—è–ª–∞ –í–∞—à–∏ –Ω–∞–º—ë–∫–∏,  –¥–∞ –ª–∞–¥–Ω–æ, —É–∂–µ –∏ –Ω–µ –≤–∞–∂–Ω–æ",$
2022-07-05 18:43:03+00:00,431565346,–ù–µ –ø–∞—Ä—å—Ç–µ—Å—å) –ø—Ä–æ—Å—Ç–æ —Ö–æ—Ä–æ—à–µ–≥–æ –≤–µ—á–µ—Ä–∞) –ë–ï–ó —Å–∞—Ä–∫–∞–∑–º–∞!,$
2022-07-05 18:43:47+00:00,872414412,–°–ª–∞–≤–∞ –ë–æ–≥—É üòÅ –ò –í–∞–º —Ö–æ—Ä–æ—à–µ–≥–æ –≤–µ—á–µ—Ä–∞ (–±–µ–∑ —Å–∞—Ä–∫–∞–∑–º–∞),$
2022-07-05 18:44:21+00:00,431565346,–í—ã –ø—Ä–µ–ª–µ—Å—Ç—å),$
2022-07-05 18:44:44+00:00,872414412,–í—ã —Ç–æ–∂–µ –∫–æ–Ω—Ñ–µ—Ç–∫–∞ üòÇ,$
2022-07-05 18:45:13+00:00,431565346,,$
2022-07-05 18:50:40+00:00,1750815446,–°–µ—Ä—å–µ–∑–Ω—ã–µ –ø—Ä–∏–∑—ã ü§£,$
2022-07-05 19:01:28+00:00,922515896,,$
2022-07-05 19:15:30+00:00,939939549,,$
2022-07-05 19:23:06+00:00,1978849044,–°–∞–ª–∞–º,$
2022-07-05 19:31:57+00:00,939079252,+,$
2022-07-05 20:14:33+00:00,431565346,"–ß—Ç–æ –∑–∞ —Ñ–∏—à–∫–∞? –ü–æ—Å—Ç–∞–≤—å—Ç–µ –º–Ω–µ —Ç–æ–∂–µ –ø–ª—é—Å, —Ä–∞–¥–∏ –ø–æ–≤—ã—à–µ–Ω–∏—è —Ä–µ–ø—É—Ç–∞—Ü–∏–∏üòÖ",$
2022-07-05 20:14:53+00:00,431565346,+,$
2022-07-05 20:20:35+00:00,1123659052,–•–æ—á—É —Å–µ–∫—Å–∞,$
2022-07-05 20:39:41+00:00,927672464,"–¢–≤–æ—é –≤–æ–æ–±—â–µ –Ω–µ –∑–∞–º–µ—Ç–∏–ª–∏ :/   —è –∫–æ–Ω–µ—á–Ω–æ –ø–æ–Ω–∏–º–∞—é, —á—Ç–æ –¥–µ—Ç–∏—à–µ–∫ —Ö–æ—Ç–µ–ª–∏ –ø–æ—Ä–∞–¥–æ–≤–∞—Ç—å, –Ω–æ –∑–∞—á–µ–º —Ç–æ–≥–¥–∞ –ø—Ä–∞–≤–∏–ª–æ –±—ã–ª–æ –ø–∏—Å–∞—Ç—å , –µ—Å–ª–∏ –æ–Ω–æ –Ω–µ —É—á–∏—Ç—ã–≤–∞–µ—Ç—Å—è –ø—Ä–∏ –≤—ã–±–æ—Ä–µ –ø–æ–±–µ–¥–∏—Ç–µ–ª—è, —É–∂ –ª—É—á—à–µ –±—ã –≥–æ–ª–æ—Å–æ–≤–∞–ª–∫—É —Å–¥–µ–ª–∞–ª–∏",$
2022-07-05 20:47:21+00:00,927672464,"–ì–∞–±–∞—Ä, —Ç—ã –Ω–µ —Å–º–æ–∂–µ—à—å —Å–¥–µ–ª–∞—Ç—å –ø—Ä–∏–Ω—Ç –ø–æ–±–µ–¥–∏—Ç–µ–ª—è , –∑–∞–Ω—è–≤—à–µ–≥–æ 1 –º–µ—Å—Ç–æ —Å–µ–±–µ –Ω–∞ —Ñ—É—Ç–±–æ–ª–∫—É –∏ –ø—Ä–æ–≤–µ—Å—Ç–∏ –≤ –Ω–µ–π —Å–ª–µ–¥—É—é—â—É—é –∏–≥—Ä—É )",$
2022-07-05 20:48:29+00:00,1066510185,"–†–µ–±—è—Ç–∞ –≤—Å—ë–º –ø—Ä–∏–≤–µ—Ç! –Ø —Å–¥–µ–ª–∞–ª–∞ –æ–ø–ª–∞—Ç—É, –¥–µ–Ω—å–≥–∏ —Å–ø–∏—Å–∞–ª–∏—Å—å —Å –∫–∞—Ä—Ç—ã, –µ—Å—Ç—å —á–µ–∫. –ù–∞ —Å–∞–π—Ç–µ –Ω–∏—á–µ–≥–æ –Ω–µ—Ç! –ù–∏ –Ω–æ–º–µ—Ä–∞ —Ç—Ä–µ–∫–∞ –Ω–µ—á–µ–≥–æ. –ß—Ç–æ –¥–µ–ª–∞—Ç—å? –ü—Ä–∏–¥—ë—Ç —Å—ã–Ω—É –ø–∞–Ω–∞–º–∞?",$
2022-07-05 21:19:29+00:00,1692794960,–ü–æ —Ñ–∞–∫—Ç—É,$
2022-07-05 21:21:01+00:00,1692794960,"–ê–∂ —Å–µ—Ä–¥–µ—á–∫–æ –µ–∫–Ω—É–ª–æ, –∂–∞–ª—å –∂–∞–ª—å –∂–∞–ª—å. –ë–æ–≥–¥–∞–Ω–∞ –Ω–µ –ª—é–±—è—Ç, –ø–æ–ª—É—á–∞–µ—Ç—Å—è",$
2022-07-05 21:28:16+00:00,927672464,"–Ø –ø–æ–¥–¥–µ—Ä–∂–∏–≤–∞—é, —á—Ç–æ –¥–µ—Ç–∏—à–∫–∞–º –ø–æ–¥–∞—Ä–∫–∏ –¥–∞—Ç—å, –Ω–æ —è–≤–Ω–æ –Ω–µ –ø—Ä–∏–∑–æ–≤—ã–µ –º–µ—Å—Ç–∞ 1,2,3",$
2022-07-05 21:32:35+00:00,1692794960,"–ü—Ä–æ–∫–∞—Ç–∏—Ç, –µ—Å–ª–∏ —è —Å–∫–∞–∂—É, —á—Ç–æ –º–Ω–µ 10?)",$
2022-07-05 21:34:12+00:00,927672464,"–î–∞ –≤—Å√´ —É–∂–µ)) –∂–¥–∏ —Å–ª–µ–¥—É—é—â–µ–≥–æ –∫–æ–Ω–∫—É—Ä—Å–∞, —Ç–∞–º –æ–¥–Ω–∏ –¥–µ—Ç–∏ –±—É–¥—É—Ç üòÅ",$
2022-07-05 21:34:18+00:00,1692794960,–ê—Ö–∞—Ö–∞,$
2022-07-05 21:34:20+00:00,1692794960,–ù–µ,$
2022-07-05 21:34:24+00:00,1692794960,–Ø –±–æ–ª—å—à–µ –Ω–µ –ø–æ–≤–µ–¥—É—Å—å,$
2022-07-05 21:34:32+00:00,1692794960,–¢–æ–ª—å–∫–æ —à–º–æ—Ç–∫–∏ –∏—Å–ø–æ—Ä—Ç–∏–ª–∞ üòÖ,$
2022-07-05 21:35:30+00:00,1692794960,"–•–æ—Ç—è, –ë–µ–π–±–∏ —Ñ–∏–ª—å—Ç—Ä –Ω–∞–ª–æ–∂—É –∏ –Ω–æ—Ä–º –±—É–¥–µ—Ç",$
2022-07-05 21:36:18+00:00,927672464,"–î–∞ —É —Ç–µ–±—è –∫–ª–∞—Å—Å–Ω–æ –ø–æ–ª—É—á–∏–ª–æ—Å—å, –æ—Å–æ–±–µ–Ω–Ω–æ –≤—Ç–æ—Ä–æ–π –≤–∞—Ä–∏–∞–Ω—Ç –Ω–∞ –±–µ–ª–æ–π) üëç",$
2022-07-05 21:36:39+00:00,927672464,–ü–æ–ª—É—á—à–µ —á–µ–º –æ—Ä–∏–≥ üòâ,$
2022-07-05 21:37:44+00:00,1692794960,–ú–± –Ω—É–∂–Ω–æ –∫–æ–º—É? üòÇ,$
2022-07-05 22:05:20+00:00,1717511606,"–°–∞–º—ã–π –ø–∏–∑–¥–∞—Ç—ã–π 4 –≤–∞—Ä–∏–∞–Ω—Ç, —è —Å—á–∏—Ç–∞—é –æ–Ω –∏ –∑–∞—Å–ª—É–∂–∏–≤–∞–µ—Ç –ø–µ—Ä–≤–æ–µ –º–µ—Å—Ç–æ.",$
2022-07-05 22:23:43+00:00,1066510185,–†–µ–±—è—Ç–∞ –∞–¥–º–∏–Ω—ã –æ—Ç–≤–µ—Ç—å—Ç–µ —á—Ç–æ –¥–µ–ª–∞—Ç—å? –ù–∞ —Å–∞–π—Ç–µ –Ω–µ—Ç —Ç–µ–ª–µ—Ñ–æ–Ω–æ–≤!,$
2022-07-06 00:34:09+00:00,354325339,–≥–¥–µ –∏–≥—Ä—ã –ì–∞–±–∞—Ä–∞ ?,$
2022-07-06 01:57:54+00:00,981352328,"–ù–∞ —Å–∞–π—Ç–µ —à–æ–ø–∞ –µ—Å—Ç—å ¬´–æ–±—Ä–∞—Ç–Ω–∞—è —Å–≤—è–∑—å¬ª, –∏ –µ—â—ë –º–æ–∂–Ω–æ –≤ –ò–Ω—Å—Ç–∞–≥—Ä–∞–º–º  –ì–∞–±–∞—Ä —à–æ–ø–∞ –Ω–∞–ø–∏—Å–∞—Ç—å –∏–ª–∏ –≤ —Ç–µ–ª–µ–≥—Ä–∞–º–º –ì–∞–±–∞—Ä—Ö–∞—Ä–¥ —à–æ–ø, –¥—É–º–∞—é —Ç–∞–º –æ—Ç–≤–µ—Ç—è—Ç, –Ω–æ –Ω–∏–∫–∞–∫ –Ω–µ —Ç—É—Ç. –ï—â—ë –Ω–∞ –ø–æ—á—Ç–µ –ø—Ä–æ–≤–µ—Ä—å—Ç–µ –≤—Å–µ –°–æ–æ–±—â–µ–Ω–∏—è",$
2022-07-06 02:59:53+00:00,-1001786722365,,$
2022-07-06 03:15:24+00:00,1918918701,"–ë—ã–ª–∏ —Ä–∞–±–æ—Ç—ã –∏ –ø–æ–∫—Ä—É—á–µ –¥–µ—Ç—Å–∫–æ–π –º–∞–∑–Ω–∏. –ù–µ —Ä–∞—Å—Å—Ç—Ä–∞–∏–≤–∞–π—Ç–µ—Å—å, –≤–∞–º –ø–æ–≤–µ–∑–µ—Ç –≤ —á—ë–º-—Ç–æ –±–æ–ª–µ–µ –≤–µ—Å–æ–º–æ–º, —á–µ–º –≤—ã–∏–≥—Ä–∞—Ç—å —Ñ—É—Ç–±–æ–ª–∫—É)",$
2022-07-06 03:34:26+00:00,1328693428,–î–æ–æ–∂–Ω–∞,$
2022-07-06 04:43:43+00:00,5528946635,,$
2022-07-06 07:17:52+00:00,1694716102,"–≤—Ö–∞—Ö–≤—Ö–∞—Ö–≤—Ö—Ö—Ö–∞, —á–µ",$
2022-07-06 07:18:15+00:00,1694716102,–ê–∞—Ö–∞—Ö—Ö–∞—Ö–∞—Ö–∞—Ö–∞—Ö,$
2022-07-06 07:41:32+00:00,1066510185,"–†–µ–±—è—Ç–∞, –≤—á–µ—Ä–∞ –æ–ø–ª–∞—Ç–∏–ª–∞ –ø–æ–∫—É–ø–∫—É –Ω–∞ —Å–∞–π—Ç–µ –∏  —Ç–∏—à–∏–Ω–∞! –ß—Ç–æ –¥–µ–ª–∞—Ç—å???",$
2022-07-06 08:07:58+00:00,2014180732,,$
2022-07-06 09:06:56+00:00,1066510185,"–ù–∞ –ø–æ—á—Ç–µ –Ω–µ—Ç. –í –æ–±—Ä–∞—Ç–Ω–æ–π —Å–≤—è–∑–∏ —Ç–æ–ª—å–∫–æ –º–æ–∂–Ω–æ —Å–∞–º–æ–π —Ç–µ–ª–µ—Ñ–æ–Ω –≤–≤–µ—Å—Ç–∏, –Ω–æ –Ω–∏–∫–∞–∫ –Ω–µ —É–≤–∏–¥–µ—Ç—å –∫–æ–Ω—Ç–∞–∫—Ç—ã –¥–ª—è —Å–≤—è–∑–∏. –ù–æ —Å–ø–∞—Å–∏–±–æ —á—Ç–æ –æ—Ç–≤–µ—Ç–∏–ª–∏. –í —Ç–µ–ª–µ–≥—Ä–∞–º–º —è –ø–∏—Å–∞–ª–∞, –æ—Ç–≤–µ—Ç–∞ –Ω–µ—Ç.",$
2022-07-06 09:07:22+00:00,1066510185,–≠—Ç–æ –Ω–æ–≤–æ–µ —Å–ª–æ–≤–æ?,$
2022-07-06 09:07:51+00:00,1328693428,–≠—Ç–æ —Ç–æ—Ä–æ–ø–ª–µ–Ω–∏–µ –æ—Ç–≤–µ—Ç–∏—Ç—åüòÄüòÄüòÄ,$
2022-07-06 09:08:21+00:00,1066510185,–ê  –µ—Å–ª–∏ –ø–æ –¥–µ–ª—É? –ü–æ —Å—É—Ç–∏ –≤–æ–ø—Ä–æ—Å–∞ –º–æ–µ–≥–æ,$
2022-07-06 09:09:12+00:00,1328693428,"–ù—É –ø–æ –¥–µ–ª—É –¥–æ–ª–∂–Ω–æ –≤—Å–µ –ø—Ä–∏–¥—Ç–∏, –Ω–µ –±–µ—Å–ø–æ–∫–æ–π—Ç–∏—Å—å",$
2022-07-06 09:12:29+00:00,1066510185,"–ö—É–¥–∞ —Ö–æ—Ç—è –±—ã –ø—Ä–∏–π—Ç–∏? –ù–∞ –ø–æ—á—Ç–µ –Ω–∏—á–µ–≥–æ –Ω–µ—Ç, –Ω–∞ —Å–∞–π—Ç–µ –Ω–∏–∫–∞–∫ –Ω–µ –æ—Ç–æ–±—Ä–∞–∂–∞–µ—Ç—Å—è, —á—Ç–æ —è —á—Ç–æ —Ç–æ –∑–∞–∫–∞–∑–∞–ª–∞. –¢–æ–ª—å–∫–æ –¥–µ–Ω—å–≥–∏ —Å–æ —Å—á–µ—Ç–∞ —Å–ø–∏—Å–∞–ª–∏—Å—å. 
–ï—Å–ª–∏ –µ—Å—Ç—å –æ–ø—ã—Ç –∑–∞–∫–∞–∑–æ–≤, —Ç–æ –ø–æ–¥–µ–ª–∏—Ç–µ—Å—å, –∑–≤–æ–Ω–∫–∞ –∂–¥–∞—Ç—å, –ø–∏—Å—å–º–∞, –∏–ª–∏ —Å—Ä–∞–∑—É –∫—É—Ä—å–µ—Ä–∞. –î–æ—Å—Ç–∞–≤–∫–∞ –≤ –°–µ–≤–∞—Å—Ç–æ–ø–æ–ª—å, –Ω–µ –±–ª–∏–∑–∫–∏–π —Ä–µ–≥–∏–æ–Ω. –ù–æ –Ω–∏–∫–∞–∫–æ–≥–æ –ø–æ–¥—Ç–≤–µ—Ä–∂–¥–µ–Ω–∏—è –æ –∑–∞–∫–∞–∑–µ –Ω–µ—Ç.",$
2022-07-06 09:17:42+00:00,1328693428,–í –ª—Å –Ω–∞–ø–∏—Å–∞–ª,$
2022-07-06 10:45:55+00:00,804800204,–ì–∞–±–∞—Ä —è –Ω–∞—à—ë–ª –ø–æ—Å—ë–ª–æ–∫ —Å —Ç–≤–æ–∏–º –ª—é–±–∏–º—ã–º —Å–ª–æ–≤–æ–º,$
2022-07-06 12:10:00+00:00,981352328,"–í–≤–æ–¥–∏—Ç–µ –¥–∞–Ω–Ω—ã–µ –≤ –æ–±—Ä–∞—Ç–Ω—É—é —Å–≤—è–∑—å –∏ –≤–∞–º –ø–µ—Ä–µ–∑–≤–æ–Ω—è—Ç, –Ω–∞–ø–∏—à—É—Ç. –ò –Ω–µ –≤–∏–∂—É –≤–∞—à–µ–≥–æ –°–æ–æ–±—â–µ–Ω–∏—è –≤ —Ç–µ–ª–µ–≥—Ä–∞–º–º–µ —É –Ω–∏—Ö.",$
2022-07-06 12:28:34+00:00,1066510185,"–£–∂–µ –Ω–∞–ø–∏—Å–∞–ª–∞, –≤–æ–ø—Ä–æ—Å —Ä–µ—à–∏–ª–∞",$
2022-07-06 15:40:23+00:00,5066313319,–ì–∞–±–∞—Ä–ß–ï–ï–ï–ï–ï–ö,$
2022-07-06 19:29:03+00:00,5007993875,–ö–æ–≥–¥–∞ —Å–ª–µ–¥ –≤—ã–ø—É—Å–∫ 5 —Å–µ–∑–æ–Ω–∞?,$
2022-07-07 00:02:43+00:00,1369150676,–•–æ—á—É üòç,$
